zone,seq,ts,power,temperature,humidity,co2,is_anomaly,scenario
Zone-A,0,1780126951.86132,4.213,34.545,85.441,1351.298,1,hvac_failure
Zone-A,1,1780126951.861356,4.574,24.3,46.645,775.067,0,
Zone-A,2,1780126951.8613691,5.143,24.582,47.544,789.42,0,
Zone-A,3,1780126951.8613791,4.877,23.684,44.438,764.882,0,
Zone-A,4,1780126951.861387,4.24,23.908,48.1,791.452,0,
Zone-A,5,1780126951.861395,5.099,23.526,47.052,770.284,0,
Zone-A,6,1780126951.861403,9.426,39.61,48.235,1599.713,1,fire_risk
Zone-A,7,1780126951.861415,4.092,23.576,50.114,811.766,0,
Zone-A,8,1780126951.861423,4.752,24.106,48.145,730.341,0,
Zone-A,9,1780126951.86143,3.852,23.811,43.486,760.376,0,
Zone-A,10,1780126951.8614368,4.205,23.976,51.2,780.799,0,
Zone-A,11,1780126951.8614452,4.689,23.351,48.611,802.941,0,
Zone-A,12,1780126951.861452,4.735,23.995,51.611,775.808,0,
Zone-A,13,1780126951.861459,5.033,23.682,50.067,806.064,0,
Zone-A,14,1780126951.8614662,4.33,23.138,47.535,755.436,0,
Zone-A,15,1780126951.861473,5.056,23.817,47.796,778.398,0,
Zone-A,16,1780126951.8614779,4.438,23.791,46.837,806.267,0,
Zone-A,17,1780126951.861485,4.33,24.202,47.258,786.118,0,
Zone-A,18,1780126951.861492,4.171,23.637,47.51,735.508,0,
Zone-A,19,1780126951.861502,4.467,23.638,49.404,734.002,0,
Zone-A,20,1780126951.861509,4.352,24.157,44.028,785.826,0,
Zone-A,21,1780126951.861516,4.096,24.353,47.573,736.585,0,
Zone-A,22,1780126951.861523,4.783,23.88,50.165,788.8,0,
Zone-A,23,1780126951.86153,5.386,24.079,44.079,813.853,0,
Zone-A,24,1780126951.861537,4.111,24.034,47.161,760.974,0,
Zone-A,25,1780126951.861544,5.134,23.782,79.086,1323.946,1,occupancy_spike
Zone-A,26,1780126951.861554,4.77,23.21,43.489,732.324,0,
Zone-A,27,1780126951.861558,4.507,23.442,45.552,729.407,0,
Zone-A,28,1780126951.8615649,4.218,23.486,46.959,765.363,0,
Zone-A,29,1780126951.8615732,5.33,23.765,46.985,765.197,0,
Zone-A,30,1780126951.8615801,4.92,23.465,49.34,751.498,0,
Zone-A,31,1780126951.861587,4.632,23.587,48.003,791.627,0,
Zone-A,32,1780126951.861595,8.94,43.041,49.539,1807.028,1,fire_risk
Zone-A,33,1780126951.8616052,4.957,23.859,49.396,833.172,0,
Zone-A,34,1780126951.861613,4.259,23.899,48.272,756.98,0,
Zone-A,35,1780126951.86162,4.244,24.276,48.556,779.262,0,
Zone-A,36,1780126951.8616269,4.614,23.597,50.058,787.349,0,
Zone-A,37,1780126951.861634,2.971,24.158,50.455,763.305,0,
Zone-A,38,1780126951.861641,4.051,23.269,49.057,814.512,0,
Zone-A,39,1780126951.8616478,4.163,24.009,48.609,746.689,0,
Zone-A,40,1780126951.861655,4.222,23.166,47.378,816.07,0,
Zone-A,41,1780126951.8616588,4.719,23.663,46.657,822.072,0,
Zone-A,42,1780126951.8616629,5.12,23.694,48.256,752.607,0,
Zone-A,43,1780126951.8616698,3.816,22.969,50.663,739.974,0,
Zone-A,44,1780126951.8616772,4.565,23.649,49.496,800.752,0,
Zone-A,45,1780126951.861686,4.793,23.485,49.812,764.976,0,
Zone-A,46,1780126951.861693,4.419,23.296,48.146,806.838,0,
Zone-A,47,1780126951.8617,4.043,23.904,48.465,805.204,0,
Zone-A,48,1780126951.861707,4.412,23.723,49.917,757.673,0,
Zone-A,49,1780126951.861714,3.351,23.595,49.317,729.186,0,
Zone-A,50,1780126951.861721,4.114,22.993,80.342,1268.09,1,occupancy_spike
Zone-A,51,1780126951.86173,4.857,23.871,48.425,801.583,0,
Zone-A,52,1780126951.861737,5.041,23.81,49.857,779.969,0,
Zone-A,53,1780126951.8617442,4.642,23.779,50.088,806.488,0,
Zone-A,54,1780126951.861751,4.296,23.553,50.182,721.359,0,
Zone-A,55,1780126951.861755,3.957,24.306,49.942,773.454,0,
Zone-A,56,1780126951.861759,3.993,23.227,50.76,805.683,0,
Zone-A,57,1780126951.8617659,3.78,23.917,46.174,779.128,0,
Zone-A,58,1780126951.861773,4.13,23.337,47.473,715.453,0,
Zone-A,59,1780126951.861781,4.165,24.526,48.414,770.678,0,
Zone-A,60,1780126951.8617878,4.525,23.546,48.844,823.425,0,
Zone-A,61,1780126951.8617952,5.122,24.077,44.639,783.003,0,
Zone-A,62,1780126951.861802,4.116,23.43,46.027,766.104,0,
Zone-A,63,1780126951.8618088,4.297,23.953,48.357,791.787,0,
Zone-A,64,1780126951.8618162,5.024,23.678,47.811,791.244,0,
Zone-A,65,1780126951.861824,5.052,23.668,47.663,767.695,0,
Zone-A,66,1780126951.861831,4.378,23.869,50.125,769.67,0,
Zone-A,67,1780126951.861838,3.828,23.619,49.004,779.503,0,
Zone-A,68,1780126951.861845,3.186,24.029,49.704,778.647,0,
Zone-A,69,1780126951.861852,4.113,11.869,17.199,788.749,1,cold_snap
Zone-A,70,1780126951.8618581,4.184,24.067,48.489,772.565,0,
Zone-A,71,1780126951.861865,4.621,23.938,48.932,795.803,0,
Zone-A,72,1780126951.861869,4.513,23.231,50.028,729.648,0,
Zone-A,73,1780126951.861876,3.551,23.956,50.503,753.916,0,
Zone-A,74,1780126951.86188,7.95,41.186,49.703,2017.865,1,fire_risk
Zone-A,75,1780126951.86189,8.26,42.031,45.988,2074.64,1,fire_risk
Zone-A,76,1780126951.861899,3.799,23.847,45.645,839.347,0,
Zone-A,77,1780126951.8619058,4.517,24.1,48.114,744.977,0,
Zone-A,78,1780126951.8619142,5.466,24.493,46.854,768.298,0,
Zone-A,79,1780126951.861922,4.009,23.798,49.16,754.442,0,
Zone-A,80,1780126951.861929,3.74,23.625,50.102,765.941,0,
Zone-A,81,1780126951.861936,3.189,23.714,47.655,800.59,0,
Zone-A,82,1780126951.861943,3.588,23.589,46.307,786.083,0,
Zone-A,83,1780126951.86195,4.269,23.125,48.744,757.103,0,
Zone-A,84,1780126951.861957,3.278,23.316,49.516,760.841,0,
Zone-A,85,1780126951.861964,2.746,23.951,46.378,812.594,0,
Zone-A,86,1780126951.8619719,4.102,23.088,48.376,775.125,0,
Zone-A,87,1780126951.86198,4.993,24.079,49.508,760.55,0,
Zone-A,88,1780126951.861987,4.75,24.14,44.753,762.137,0,
Zone-A,89,1780126951.861991,4.874,23.346,48.255,835.117,0,
Zone-A,90,1780126951.861998,5.034,23.4,49.181,802.588,0,
Zone-A,91,1780126951.862005,4.485,24.124,46.537,781.92,0,
Zone-A,92,1780126951.862012,4.181,24.261,46.703,741.989,0,
Zone-A,93,1780126951.86202,3.862,23.518,46.18,753.631,0,
Zone-A,94,1780126951.862027,3.987,23.476,45.547,791.94,0,
Zone-A,95,1780126951.8620312,4.021,24.387,48.48,791.867,0,
Zone-A,96,1780126951.862039,4.611,23.341,49.152,741.143,0,
Zone-A,97,1780126951.862046,4.029,22.646,51.538,770.758,0,
Zone-A,98,1780126951.8620532,3.927,23.282,50.087,726.668,0,
Zone-A,99,1780126951.86206,4.339,23.892,49.962,730.991,0,
Zone-A,100,1780126951.862067,5.327,24.229,83.737,1385.738,1,occupancy_spike
Zone-A,101,1780126951.8620758,4.447,23.719,46.513,799.648,0,
Zone-A,102,1780126951.862083,3.918,24.063,48.377,791.843,0,
Zone-A,103,1780126951.8620899,4.403,23.459,49.813,802.911,0,
Zone-A,104,1780126951.8620968,5.073,24.437,51.954,780.864,0,
Zone-A,105,1780126951.8621042,5.355,23.816,48.134,802.033,0,
Zone-A,106,1780126951.862108,4.262,23.262,47.938,751.561,0,
Zone-A,107,1780126951.8621151,4.55,22.964,45.807,776.265,0,
Zone-A,108,1780126951.862119,3.697,23.803,47.093,753.268,0,
Zone-A,109,1780126951.862123,5.018,24.016,49.47,788.025,0,
Zone-A,110,1780126951.86213,4.084,23.637,46.832,733.274,0,
Zone-A,111,1780126951.862137,3.95,24.123,47.228,785.612,0,
Zone-A,112,1780126951.862144,4.43,23.596,50.693,803.34,0,
Zone-A,113,1780126951.862151,3.762,24.221,48.008,729.663,0,
Zone-A,114,1780126951.862158,4.063,23.512,51.005,810.355,0,
Zone-A,115,1780126951.862165,4.645,23.248,47.712,775.478,0,
Zone-A,116,1780126951.862172,4.264,23.787,49.768,756.407,0,
Zone-A,117,1780126951.862178,3.82,23.926,45.81,809.117,0,
Zone-A,118,1780126951.862186,4.08,23.467,46.788,755.456,0,
Zone-A,119,1780126951.8621922,3.999,23.334,47.697,773.371,0,
Zone-A,120,1780126951.8622,4.281,24.106,51.312,781.995,0,
Zone-A,121,1780126951.862207,5.373,24.098,48.376,781.26,0,
Zone-A,122,1780126951.8622131,4.392,23.804,46.373,820.059,0,
Zone-A,123,1780126951.862221,3.68,23.492,46.633,793.108,0,
Zone-A,124,1780126951.862228,4.762,23.543,47.477,734.23,0,
Zone-A,125,1780126951.8622348,4.09,23.543,80.877,1487.963,1,occupancy_spike
Zone-A,126,1780126951.8622432,4.061,23.586,49.966,791.221,0,
Zone-A,127,1780126951.86225,5.361,24.014,51.542,803.148,0,
Zone-A,128,1780126951.8622599,4.82,23.484,49.067,746.202,0,
Zone-A,129,1780126951.8622668,3.774,24.277,46.77,779.543,0,
Zone-A,130,1780126951.862274,4.174,24.151,46.577,808.659,0,
Zone-A,131,1780126951.8622808,4.156,23.173,51.382,751.776,0,
Zone-A,132,1780126951.8622878,3.672,24.088,49.593,771.811,0,
Zone-A,133,1780126951.8622952,4.01,23.301,46.725,759.15,0,
Zone-A,134,1780126951.862302,4.348,23.965,51.414,802.46,0,
Zone-A,135,1780126951.8623092,4.332,23.539,47.15,790.387,0,
Zone-A,136,1780126951.862315,4.103,23.486,46.462,787.015,0,
Zone-A,137,1780126951.8623219,4.593,23.42,53.456,756.458,0,
Zone-A,138,1780126951.862331,4.403,23.543,48.0,815.776,0,
Zone-A,139,1780126951.862338,4.339,23.432,48.936,772.071,0,
Zone-A,140,1780126951.862344,4.969,23.905,48.576,860.343,0,
Zone-A,141,1780126951.862349,5.34,23.428,45.918,744.181,0,
Zone-A,142,1780126951.862355,4.241,23.763,49.352,789.161,0,
Zone-A,143,1780126951.8623629,4.241,23.869,44.887,801.431,0,
Zone-A,144,1780126951.86237,4.317,23.972,45.506,794.836,0,
Zone-A,145,1780126951.862377,3.595,23.672,50.536,777.655,0,
Zone-A,146,1780126951.862384,4.432,23.393,47.699,745.015,0,
Zone-A,147,1780126951.862391,4.773,24.369,44.992,788.481,0,
Zone-A,148,1780126951.862398,4.685,23.822,52.495,795.127,0,
Zone-A,149,1780126951.862405,3.649,24.295,49.195,763.214,0,
Zone-A,150,1780126951.862412,4.993,23.673,77.305,1340.016,1,occupancy_spike
Zone-A,151,1780126951.862421,4.727,23.964,47.386,806.041,0,
Zone-A,152,1780126951.862428,3.819,23.468,45.734,745.968,0,
Zone-A,153,1780126951.862435,5.444,23.901,47.063,755.831,0,
Zone-A,154,1780126951.862442,4.674,24.109,46.508,799.614,0,
Zone-A,155,1780126951.862449,4.68,23.791,43.602,773.828,0,
Zone-A,156,1780126951.862456,4.701,23.748,48.517,787.369,0,
Zone-A,157,1780126951.862463,3.834,23.203,46.425,773.585,0,
Zone-A,158,1780126951.86247,4.58,24.895,48.384,762.245,0,
Zone-A,159,1780126951.862477,4.465,23.652,45.451,803.699,0,
Zone-A,160,1780126951.862484,4.9,23.951,46.958,778.556,0,
Zone-A,161,1780126951.862491,5.066,23.194,46.308,777.567,0,
Zone-A,162,1780126951.862498,4.649,23.876,49.543,774.559,0,
Zone-A,163,1780126951.862505,4.699,24.242,49.482,766.877,0,
Zone-A,164,1780126951.86251,4.462,23.626,51.257,766.346,0,
Zone-A,165,1780126951.8625169,3.475,23.588,47.518,797.726,0,
Zone-A,166,1780126951.8625238,3.766,23.831,50.464,819.004,0,
Zone-A,167,1780126951.8625312,4.65,23.934,49.57,798.998,0,
Zone-A,168,1780126951.862536,5.429,23.481,43.535,811.526,0,
Zone-A,169,1780126951.8625438,4.973,23.738,49.701,759.786,0,
Zone-A,170,1780126951.862551,4.141,24.279,49.647,748.806,0,
Zone-A,171,1780126951.8625548,4.551,23.884,47.827,803.742,0,
Zone-A,172,1780126951.862559,5.031,23.912,46.928,795.669,0,
Zone-A,173,1780126951.862566,4.487,23.88,43.888,832.569,0,
Zone-A,174,1780126951.862574,5.22,23.903,48.806,751.445,0,
Zone-A,175,1780126951.86258,3.442,23.236,83.41,1419.702,1,occupancy_spike
Zone-A,176,1780126951.862589,3.373,9.644,19.056,742.282,1,cold_snap
Zone-A,177,1780126951.862598,3.352,23.653,48.302,755.822,0,
Zone-A,178,1780126951.862605,3.759,23.952,48.675,808.266,0,
Zone-A,179,1780126951.862611,2.327,23.221,46.073,783.277,0,
Zone-A,180,1780126951.8626182,3.843,23.095,47.793,808.632,0,
Zone-A,181,1780126951.8626251,4.043,23.162,45.719,781.956,0,
Zone-A,182,1780126951.862632,4.777,23.506,46.062,815.574,0,
Zone-A,183,1780126951.862636,4.534,23.705,50.595,763.2,0,
Zone-A,184,1780126951.862643,5.063,24.166,48.044,788.035,0,
Zone-A,185,1780126951.8626502,4.163,23.552,53.387,764.72,0,
Zone-A,186,1780126951.862657,4.186,24.069,51.189,795.522,0,
Zone-A,187,1780126951.862664,3.305,24.126,48.498,777.239,0,
Zone-A,188,1780126951.8626711,4.791,23.828,44.332,745.427,0,
Zone-A,189,1780126951.862678,3.821,23.741,48.648,759.093,0,
Zone-A,190,1780126951.862685,4.12,23.517,45.812,757.079,0,
Zone-A,191,1780126951.862692,2.908,23.882,49.966,781.038,0,
Zone-A,192,1780126951.8627,4.02,23.977,46.895,755.655,0,
Zone-A,193,1780126951.862707,3.382,23.022,47.049,793.043,0,
Zone-A,194,1780126951.862714,5.162,23.399,49.2,735.731,0,
Zone-A,195,1780126951.862721,3.435,24.431,50.862,810.421,0,
Zone-A,196,1780126951.8627279,3.896,23.174,43.729,783.737,0,
Zone-A,197,1780126951.862732,4.72,24.055,45.645,767.483,0,
Zone-A,198,1780126951.862741,4.865,23.936,47.235,750.281,0,
Zone-A,199,1780126951.862748,4.866,24.181,47.332,716.124,0,
Zone-B,0,1780126951.862755,6.604,32.303,82.779,1510.383,1,hvac_failure
Zone-B,1,1780126951.862765,5.064,22.541,46.39,678.967,0,
Zone-B,2,1780126951.862772,9.069,22.597,50.457,636.642,1,peak_load
Zone-B,3,1780126951.8627799,6.032,23.103,46.792,677.887,0,
Zone-B,4,1780126951.862787,4.499,22.663,50.652,671.532,0,
Zone-B,5,1780126951.862794,4.592,22.63,51.405,721.828,0,
Zone-B,6,1780126951.862798,4.93,23.462,48.249,708.949,0,
Zone-B,7,1780126951.862805,5.595,23.766,51.413,710.204,0,
Zone-B,8,1780126951.8628118,5.294,23.128,48.208,695.715,0,
Zone-B,9,1780126951.862819,6.385,23.305,47.496,668.738,0,
Zone-B,10,1780126951.862828,5.775,23.597,49.973,646.363,0,
Zone-B,11,1780126951.862835,5.273,23.424,49.018,670.977,0,
Zone-B,12,1780126951.862842,5.239,23.229,49.803,695.302,0,
Zone-B,13,1780126951.862849,5.301,23.239,50.364,720.46,0,
Zone-B,14,1780126951.862856,5.249,22.338,46.888,698.14,0,
Zone-B,15,1780126951.862863,6.117,22.856,50.456,679.917,0,
Zone-B,16,1780126951.8628669,5.738,22.994,49.528,681.378,0,
Zone-B,17,1780126951.862874,6.163,22.679,52.492,691.286,0,
Zone-B,18,1780126951.8628778,5.283,22.497,49.499,716.993,0,
Zone-B,19,1780126951.8628852,5.459,23.541,50.011,711.631,0,
Zone-B,20,1780126951.862889,6.055,22.873,50.171,726.855,0,
Zone-B,21,1780126951.8628962,4.928,23.204,47.225,693.588,0,
Zone-B,22,1780126951.8629,5.899,22.51,47.349,748.267,0,
Zone-B,23,1780126951.862907,4.976,22.856,52.738,670.828,0,
Zone-B,24,1780126951.862914,5.501,23.201,51.633,646.377,0,
Zone-B,25,1780126951.862921,4.841,33.754,86.057,1339.331,1,hvac_failure
Zone-B,26,1780126951.8629298,4.588,23.402,51.61,691.942,0,
Zone-B,27,1780126951.862937,5.277,22.842,47.41,657.917,0,
Zone-B,28,1780126951.862942,5.948,23.505,47.852,657.667,0,
Zone-B,29,1780126951.8629482,5.672,23.176,47.625,698.291,0,
Zone-B,30,1780126951.862953,5.251,23.126,48.593,675.451,0,
Zone-B,31,1780126951.86296,6.186,22.914,50.987,709.661,0,
Zone-B,32,1780126951.862967,5.173,23.001,50.023,707.056,0,
Zone-B,33,1780126951.862975,5.0,23.469,50.635,667.167,0,
Zone-B,34,1780126951.8629818,5.792,22.898,48.01,747.678,0,
Zone-B,35,1780126951.862989,4.625,23.503,49.27,695.905,0,
Zone-B,36,1780126951.8629959,4.497,23.135,48.502,696.069,0,
Zone-B,37,1780126951.8630028,5.456,23.571,49.274,645.186,0,
Zone-B,38,1780126951.863009,5.143,22.518,50.517,665.413,0,
Zone-B,39,1780126951.863016,4.881,23.441,55.553,707.939,0,
Zone-B,40,1780126951.863023,5.373,23.463,47.421,684.361,0,
Zone-B,41,1780126951.86303,5.337,23.059,51.682,704.078,0,
Zone-B,42,1780126951.8630369,5.596,23.428,47.915,692.25,0,
Zone-B,43,1780126951.863044,4.872,22.503,52.985,749.932,0,
Zone-B,44,1780126951.863051,5.095,23.129,80.883,1524.929,1,occupancy_spike
Zone-B,45,1780126951.863059,5.636,22.482,50.798,658.713,0,
Zone-B,46,1780126951.8630662,5.181,23.351,49.27,695.941,0,
Zone-B,47,1780126951.863073,4.656,22.665,49.468,705.267,0,
Zone-B,48,1780126951.86308,4.798,23.2,45.676,675.196,0,
Zone-B,49,1780126951.8630872,4.533,22.439,52.237,679.667,0,
Zone-B,50,1780126951.863094,9.968,22.566,51.322,716.254,1,peak_load
Zone-B,51,1780126951.863102,5.488,22.483,50.785,696.282,0,
Zone-B,52,1780126951.863111,3.672,22.638,53.051,716.485,0,
Zone-B,53,1780126951.8631182,3.633,23.463,50.275,670.096,0,
Zone-B,54,1780126951.863125,5.674,23.194,50.226,696.672,0,
Zone-B,55,1780126951.863132,5.283,23.771,53.043,684.811,0,
Zone-B,56,1780126951.8631392,6.253,23.559,50.045,727.657,0,
Zone-B,57,1780126951.863148,4.847,23.211,47.288,649.913,0,
Zone-B,58,1780126951.863155,5.392,23.01,50.53,648.098,0,
Zone-B,59,1780126951.863162,5.54,23.401,50.415,707.45,0,
Zone-B,60,1780126951.863168,5.334,22.871,52.877,713.871,0,
Zone-B,61,1780126951.8631759,5.682,23.569,51.997,714.947,0,
Zone-B,62,1780126951.863183,5.709,22.849,48.681,701.186,0,
Zone-B,63,1780126951.86319,5.701,23.197,49.923,685.154,0,
Zone-B,64,1780126951.8631968,4.691,23.42,51.426,701.252,0,
Zone-B,65,1780126951.863204,5.872,23.37,52.933,690.172,0,
Zone-B,66,1780126951.863211,5.575,22.854,52.737,712.898,0,
Zone-B,67,1780126951.8632169,6.069,23.242,47.826,668.143,0,
Zone-B,68,1780126951.863224,4.418,22.946,49.85,696.279,0,
Zone-B,69,1780126951.863232,3.783,22.79,54.685,683.446,0,
Zone-B,70,1780126951.8632388,6.399,22.792,50.783,689.223,0,
Zone-B,71,1780126951.863243,6.395,23.247,47.227,686.783,0,
Zone-B,72,1780126951.86325,5.323,23.325,48.694,687.048,0,
Zone-B,73,1780126951.8632572,6.262,23.235,49.553,640.23,0,
Zone-B,74,1780126951.863261,4.808,23.161,48.705,674.657,0,
Zone-B,75,1780126951.8632681,10.287,22.844,50.696,649.166,1,peak_load
Zone-B,76,1780126951.863276,5.088,23.35,48.494,685.328,0,
Zone-B,77,1780126951.863283,5.587,23.188,50.658,635.816,0,
Zone-B,78,1780126951.86329,5.959,23.094,51.141,680.7,0,
Zone-B,79,1780126951.863294,5.723,22.387,49.243,673.455,0,
Zone-B,80,1780126951.863301,5.32,22.869,50.443,717.926,0,
Zone-B,81,1780126951.863308,5.979,23.214,48.91,703.473,0,
Zone-B,82,1780126951.8633149,5.57,22.344,46.625,675.389,0,
Zone-B,83,1780126951.863322,5.953,23.007,50.148,663.991,0,
Zone-B,84,1780126951.863329,5.74,22.947,49.927,695.604,0,
Zone-B,85,1780126951.8633358,4.79,22.755,48.736,669.235,0,
Zone-B,86,1780126951.863341,5.246,22.805,49.029,735.357,0,
Zone-B,87,1780126951.863347,5.716,22.91,50.16,676.331,0,
Zone-B,88,1780126951.8633542,4.773,23.118,50.562,679.539,0,
Zone-B,89,1780126951.863362,5.976,23.491,52.009,683.29,0,
Zone-B,90,1780126951.863369,4.7,22.811,50.807,694.743,0,
Zone-B,91,1780126951.863376,4.671,23.342,50.813,684.24,0,
Zone-B,92,1780126951.863383,5.508,22.822,52.127,650.996,0,
Zone-B,93,1780126951.863391,4.823,22.995,48.365,698.635,0,
Zone-B,94,1780126951.8633978,4.988,22.61,51.731,669.067,0,
Zone-B,95,1780126951.863405,6.163,22.967,51.988,691.249,0,
Zone-B,96,1780126951.863412,5.394,23.077,49.639,684.75,0,
Zone-B,97,1780126951.8634188,5.45,23.22,50.059,706.815,0,
Zone-B,98,1780126951.8634272,6.003,22.942,55.713,657.661,0,
Zone-B,99,1780126951.863433,5.251,22.629,49.03,682.536,0,
Zone-B,100,1780126951.8634398,5.61,8.254,21.679,685.253,1,cold_snap
Zone-B,101,1780126951.8634481,5.356,23.061,46.219,659.351,0,
Zone-B,102,1780126951.8634539,5.192,23.098,49.693,701.076,0,
Zone-B,103,1780126951.86346,6.317,22.865,53.211,669.236,0,
Zone-B,104,1780126951.863467,5.218,22.019,51.93,680.349,0,
Zone-B,105,1780126951.863473,5.553,23.493,51.054,682.912,0,
Zone-B,106,1780126951.86348,5.193,22.433,51.686,670.471,0,
Zone-B,107,1780126951.863486,4.677,23.412,54.117,678.222,0,
Zone-B,108,1780126951.863492,4.879,22.49,50.447,696.59,0,
Zone-B,109,1780126951.8635,4.721,23.443,45.95,672.678,0,
Zone-B,110,1780126951.8635058,6.053,23.708,50.548,697.883,0,
Zone-B,111,1780126951.863513,5.325,23.274,52.518,698.234,0,
Zone-B,112,1780126951.863519,5.088,22.828,51.247,690.707,0,
Zone-B,113,1780126951.863523,5.698,22.7,48.186,705.645,0,
Zone-B,114,1780126951.8635268,5.043,22.915,51.484,672.423,0,
Zone-B,115,1780126951.863533,5.424,22.392,51.615,700.013,0,
Zone-B,116,1780126951.863539,4.764,23.228,51.56,667.186,0,
Zone-B,117,1780126951.8635468,6.285,22.565,48.815,656.998,0,
Zone-B,118,1780126951.863554,5.854,23.284,52.172,686.277,0,
Zone-B,119,1780126951.86356,5.955,23.147,48.619,701.597,0,
Zone-B,120,1780126951.863567,4.869,23.186,51.629,714.953,0,
Zone-B,121,1780126951.863573,4.875,22.904,48.374,701.293,0,
Zone-B,122,1780126951.86358,5.353,22.88,51.419,673.896,0,
Zone-B,123,1780126951.863586,5.253,23.292,46.956,690.275,0,
Zone-B,124,1780126951.8635929,5.336,23.398,49.252,675.463,0,
Zone-B,125,1780126951.863599,11.922,22.963,49.148,715.803,1,peak_load
Zone-B,126,1780126951.863606,5.557,23.022,51.835,695.626,0,
Zone-B,127,1780126951.863613,5.447,23.448,45.243,709.359,0,
Zone-B,128,1780126951.863619,5.531,23.036,53.772,703.292,0,
Zone-B,129,1780126951.863626,4.216,22.919,53.003,680.483,0,
Zone-B,130,1780126951.863632,6.299,22.764,49.634,668.828,0,
Zone-B,131,1780126951.863639,4.845,22.614,57.761,692.703,0,
Zone-B,132,1780126951.8636448,4.872,23.027,49.745,710.109,0,
Zone-B,133,1780126951.8636532,5.424,23.122,52.315,652.651,0,
Zone-B,134,1780126951.863659,5.921,22.76,49.819,655.292,0,
Zone-B,135,1780126951.8636658,4.002,23.13,48.974,704.646,0,
Zone-B,136,1780126951.863672,5.293,22.48,54.173,656.631,0,
Zone-B,137,1780126951.863678,5.85,22.734,48.121,673.95,0,
Zone-B,138,1780126951.863682,4.887,22.591,48.397,668.811,0,
Zone-B,139,1780126951.863688,6.505,23.999,46.792,749.886,0,
Zone-B,140,1780126951.8636951,4.537,24.006,49.771,696.21,0,
Zone-B,141,1780126951.863702,5.471,22.778,48.102,698.958,0,
Zone-B,142,1780126951.863708,9.705,22.563,49.666,687.323,1,peak_load
Zone-B,143,1780126951.8637161,5.58,23.034,52.131,679.467,0,
Zone-B,144,1780126951.863722,4.415,23.026,52.26,735.112,0,
Zone-B,145,1780126951.8637261,5.691,24.128,50.141,693.351,0,
Zone-B,146,1780126951.863733,5.523,22.432,49.518,683.882,0,
Zone-B,147,1780126951.8637388,5.396,11.724,19.125,724.804,1,cold_snap
Zone-B,148,1780126951.8637471,5.353,22.789,50.754,696.025,0,
Zone-B,149,1780126951.8637528,5.364,23.094,48.675,688.634,0,
Zone-B,150,1780126951.8637598,5.246,35.572,83.583,1484.43,1,hvac_failure
Zone-B,151,1780126951.863768,5.752,22.683,49.103,664.641,0,
Zone-B,152,1780126951.863775,4.808,23.732,51.557,682.741,0,
Zone-B,153,1780126951.863782,5.883,22.46,47.965,691.809,0,
Zone-B,154,1780126951.8637881,6.462,23.519,47.46,691.767,0,
Zone-B,155,1780126951.863795,5.232,22.15,47.738,691.314,0,
Zone-B,156,1780126951.863801,4.434,22.883,49.805,670.681,0,
Zone-B,157,1780126951.863808,5.311,22.532,48.561,657.574,0,
Zone-B,158,1780126951.8638139,4.737,22.97,48.837,688.637,0,
Zone-B,159,1780126951.863821,4.612,23.495,51.946,701.122,0,
Zone-B,160,1780126951.8638248,4.889,10.415,18.071,683.235,1,cold_snap
Zone-B,161,1780126951.86383,6.099,23.28,48.79,673.748,0,
Zone-B,162,1780126951.8638358,5.524,23.419,47.454,675.415,0,
Zone-B,163,1780126951.863843,4.799,23.618,51.66,683.639,0,
Zone-B,164,1780126951.863849,5.361,22.798,49.05,677.907,0,
Zone-B,165,1780126951.863856,4.234,23.453,51.432,659.821,0,
Zone-B,166,1780126951.863862,5.226,22.961,53.549,669.359,0,
Zone-B,167,1780126951.863869,5.823,23.271,46.698,657.678,0,
Zone-B,168,1780126951.8638752,6.963,22.745,49.016,692.149,0,
Zone-B,169,1780126951.8638809,5.079,22.076,49.138,675.854,0,
Zone-B,170,1780126951.8638878,6.098,22.863,49.434,667.524,0,
Zone-B,171,1780126951.863894,5.396,22.218,49.171,735.481,0,
Zone-B,172,1780126951.863901,5.412,22.748,49.693,706.731,0,
Zone-B,173,1780126951.863907,6.378,23.469,49.775,638.336,0,
Zone-B,174,1780126951.863915,4.71,22.2,46.227,728.913,0,
Zone-B,175,1780126951.8639228,8.807,42.796,52.16,1887.969,1,fire_risk
Zone-B,176,1780126951.863932,5.555,23.213,48.1,686.129,0,
Zone-B,177,1780126951.863938,5.325,22.761,51.043,706.392,0,
Zone-B,178,1780126951.863945,4.752,23.53,49.456,704.287,0,
Zone-B,179,1780126951.863948,4.79,22.972,49.184,685.711,0,
Zone-B,180,1780126951.863955,8.827,40.011,52.556,2102.698,1,fire_risk
Zone-B,181,1780126951.863963,5.969,22.852,48.46,683.144,0,
Zone-B,182,1780126951.86397,5.727,22.829,45.191,682.939,0,
Zone-B,183,1780126951.863976,5.589,22.194,49.206,693.612,0,
Zone-B,184,1780126951.8639832,5.405,22.754,48.302,693.931,0,
Zone-B,185,1780126951.863987,5.622,22.494,48.758,680.089,0,
Zone-B,186,1780126951.8639941,4.573,22.861,47.567,659.819,0,
Zone-B,187,1780126951.864,5.331,23.147,50.245,661.541,0,
Zone-B,188,1780126951.8640058,5.633,22.505,51.12,684.787,0,
Zone-B,189,1780126951.864013,4.691,22.817,50.183,689.999,0,
Zone-B,190,1780126951.864019,5.068,23.328,48.581,664.455,0,
Zone-B,191,1780126951.864026,6.114,22.36,55.898,655.103,0,
Zone-B,192,1780126951.864032,4.876,23.014,52.061,714.566,0,
Zone-B,193,1780126951.864039,5.139,23.483,48.294,678.714,0,
Zone-B,194,1780126951.8640451,4.354,23.285,52.199,718.6,0,
Zone-B,195,1780126951.864052,4.509,22.508,50.732,677.593,0,
Zone-B,196,1780126951.864058,5.261,22.981,48.265,675.703,0,
Zone-B,197,1780126951.864065,5.502,22.608,50.613,730.638,0,
Zone-B,198,1780126951.864071,4.805,22.323,50.999,655.901,0,
Zone-B,199,1780126951.864078,6.371,22.854,48.164,690.682,0,
Zone-C,0,1780126951.864085,2.225,31.68,83.614,1357.161,1,hvac_failure
Zone-C,1,1780126951.864094,1.223,22.084,50.076,623.022,0,
Zone-C,2,1780126951.864097,1.734,23.323,52.345,625.158,0,
Zone-C,3,1780126951.864104,1.347,22.357,50.382,598.165,0,
Zone-C,4,1780126951.86411,1.608,22.422,50.966,574.561,0,
Zone-C,5,1780126951.864117,2.227,22.609,52.872,591.09,0,
Zone-C,6,1780126951.8641238,2.45,21.804,54.101,545.357,0,
Zone-C,7,1780126951.86413,2.245,22.663,52.306,565.298,0,
Zone-C,8,1780126951.864137,1.52,22.398,54.419,603.176,0,
Zone-C,9,1780126951.8641431,0.754,21.769,48.723,591.822,0,
Zone-C,10,1780126951.86415,1.473,21.867,48.418,624.378,0,
Zone-C,11,1780126951.864156,2.191,21.428,53.364,572.056,0,
Zone-C,12,1780126951.8641632,1.304,22.166,76.57,1295.349,1,occupancy_spike
Zone-C,13,1780126951.864171,1.484,22.001,53.286,579.28,0,
Zone-C,14,1780126951.864179,1.177,22.292,50.559,593.547,0,
Zone-C,15,1780126951.864186,1.741,21.815,51.628,585.911,0,
Zone-C,16,1780126951.864192,2.575,23.126,52.873,600.38,0,
Zone-C,17,1780126951.864199,2.325,22.343,54.746,596.652,0,
Zone-C,18,1780126951.8642051,1.377,22.351,50.006,562.396,0,
Zone-C,19,1780126951.864209,11.42,21.968,52.14,615.152,1,peak_load
Zone-C,20,1780126951.864216,1.418,22.4,55.104,603.776,0,
Zone-C,21,1780126951.864223,1.922,21.988,54.143,593.683,0,
Zone-C,22,1780126951.864227,2.074,22.674,49.793,589.369,0,
Zone-C,23,1780126951.864233,1.75,22.683,50.353,620.074,0,
Zone-C,24,1780126951.8642402,1.29,22.285,49.389,629.646,0,
Zone-C,25,1780126951.8642461,8.553,36.684,51.531,2118.838,1,fire_risk
Zone-C,26,1780126951.864254,2.346,21.998,53.014,638.764,0,
Zone-C,27,1780126951.8642612,2.807,22.809,50.673,567.059,0,
Zone-C,28,1780126951.864267,0.008,22.306,55.215,569.639,0,
Zone-C,29,1780126951.864274,2.764,22.489,49.528,604.253,0,
Zone-C,30,1780126951.86428,0.862,22.402,53.372,601.293,0,
Zone-C,31,1780126951.864287,0.937,22.349,50.435,621.944,0,
Zone-C,32,1780126951.864293,2.284,22.635,52.123,611.382,0,
Zone-C,33,1780126951.8643,2.391,22.835,53.047,626.362,0,
Zone-C,34,1780126951.8643079,1.031,22.053,49.54,622.834,0,
Zone-C,35,1780126951.864314,1.256,33.08,83.847,1538.007,1,hvac_failure
Zone-C,36,1780126951.864322,1.424,22.676,52.337,573.136,0,
Zone-C,37,1780126951.8643289,2.316,22.068,50.449,583.501,0,
Zone-C,38,1780126951.8643332,1.461,22.539,50.197,567.742,0,
Zone-C,39,1780126951.8643389,1.099,22.193,53.948,642.605,0,
Zone-C,40,1780126951.864345,1.536,22.358,54.088,589.07,0,
Zone-C,41,1780126951.864352,2.949,22.718,50.888,611.534,0,
Zone-C,42,1780126951.864358,0.921,22.946,53.476,578.886,0,
Zone-C,43,1780126951.864365,1.193,22.012,51.972,548.808,0,
Zone-C,44,1780126951.864371,2.185,22.433,84.767,1504.614,1,occupancy_spike
Zone-C,45,1780126951.86438,1.67,22.258,50.491,608.828,0,
Zone-C,46,1780126951.864383,1.317,22.544,50.139,590.713,0,
Zone-C,47,1780126951.86439,1.817,22.929,55.065,575.686,0,
Zone-C,48,1780126951.864397,1.955,22.552,50.19,573.74,0,
Zone-C,49,1780126951.864403,1.859,22.421,51.618,639.352,0,
Zone-C,50,1780126951.8644102,7.892,36.722,48.55,2010.342,1,fire_risk
Zone-C,51,1780126951.864418,1.75,22.642,57.403,605.382,0,
Zone-C,52,1780126951.864424,1.726,22.073,51.311,585.249,0,
Zone-C,53,1780126951.8644311,1.459,22.188,50.326,602.496,0,
Zone-C,54,1780126951.864435,8.086,41.262,52.188,1797.485,1,fire_risk
Zone-C,55,1780126951.8644428,1.809,21.95,48.956,600.036,0,
Zone-C,56,1780126951.8644512,1.472,22.207,50.259,601.682,0,
Zone-C,57,1780126951.864458,1.057,22.696,51.997,607.114,0,
Zone-C,58,1780126951.864465,1.449,22.652,53.821,575.054,0,
Zone-C,59,1780126951.864471,0.755,22.447,48.749,598.495,0,
Zone-C,60,1780126951.8644779,2.836,22.099,53.118,635.251,0,
Zone-C,61,1780126951.864484,1.653,33.684,79.491,1525.564,1,hvac_failure
Zone-C,62,1780126951.864492,1.203,22.657,56.165,624.866,0,
Zone-C,63,1780126951.8644989,0.427,21.914,50.342,612.107,0,
Zone-C,64,1780126951.864505,3.184,21.903,54.634,623.043,0,
Zone-C,65,1780126951.864512,1.747,21.836,54.249,621.97,0,
Zone-C,66,1780126951.864518,1.307,22.461,55.921,675.327,0,
Zone-C,67,1780126951.864525,1.807,21.827,51.586,566.176,0,
Zone-C,68,1780126951.864531,1.179,22.38,51.153,529.462,0,
Zone-C,69,1780126951.8645382,1.828,22.184,53.336,565.611,0,
Zone-C,70,1780126951.864544,1.548,22.422,50.227,624.503,0,
Zone-C,71,1780126951.8645499,1.574,21.55,53.741,641.371,0,
Zone-C,72,1780126951.864557,1.535,22.176,55.223,614.789,0,
Zone-C,73,1780126951.864563,1.283,21.805,55.458,603.128,0,
Zone-C,74,1780126951.8645701,1.785,22.377,51.769,575.208,0,
Zone-C,75,1780126951.864577,1.918,9.628,16.485,596.567,1,cold_snap
Zone-C,76,1780126951.864584,1.132,22.568,45.665,567.994,0,
Zone-C,77,1780126951.8645911,2.221,22.519,51.138,612.191,0,
Zone-C,78,1780126951.864598,2.023,21.722,47.771,620.768,0,
Zone-C,79,1780126951.864604,1.787,22.807,54.266,637.838,0,
Zone-C,80,1780126951.8646111,1.724,21.975,48.808,588.04,0,
Zone-C,81,1780126951.8646169,2.36,21.978,51.975,608.815,0,
Zone-C,82,1780126951.864624,1.278,21.751,53.614,587.718,0,
Zone-C,83,1780126951.86463,1.425,21.412,49.315,603.261,0,
Zone-C,84,1780126951.864636,9.592,39.198,48.703,1741.396,1,fire_risk
Zone-C,85,1780126951.864645,3.578,22.25,56.583,579.038,0,
Zone-C,86,1780126951.864651,1.218,21.52,51.192,576.072,0,
Zone-C,87,1780126951.8646579,1.295,21.819,51.458,584.631,0,
Zone-C,88,1780126951.864664,1.86,21.67,50.923,594.206,0,
Zone-C,89,1780126951.864671,2.267,22.315,57.024,589.216,0,
Zone-C,90,1780126951.8646772,1.871,22.447,57.762,611.983,0,
Zone-C,91,1780126951.864684,2.666,22.583,54.575,636.116,0,
Zone-C,92,1780126951.864691,1.841,22.656,56.47,588.927,0,
Zone-C,93,1780126951.8646982,2.37,22.129,49.737,574.42,0,
Zone-C,94,1780126951.864705,1.638,21.857,54.417,587.865,0,
Zone-C,95,1780126951.864712,2.635,21.68,52.066,631.069,0,
Zone-C,96,1780126951.864716,0.974,22.693,53.262,596.239,0,
Zone-C,97,1780126951.864723,2.552,21.952,53.835,584.142,0,
Zone-C,98,1780126951.864727,1.372,22.249,48.356,572.908,0,
Zone-C,99,1780126951.864733,2.735,21.746,53.493,611.894,0,
Zone-C,100,1780126951.8647401,1.581,22.124,78.059,1443.622,1,occupancy_spike
Zone-C,101,1780126951.864747,1.982,22.069,54.105,633.777,0,
Zone-C,102,1780126951.864754,2.976,12.741,17.935,600.962,1,cold_snap
Zone-C,103,1780126951.864759,2.078,22.052,50.072,584.966,0,
Zone-C,104,1780126951.864762,1.387,22.074,49.34,589.827,0,
Zone-C,105,1780126951.864769,2.29,21.779,52.884,582.106,0,
Zone-C,106,1780126951.864773,1.424,22.375,50.707,569.694,0,
Zone-C,107,1780126951.864779,1.991,22.176,51.415,622.85,0,
Zone-C,108,1780126951.864783,1.069,22.473,51.714,612.973,0,
Zone-C,109,1780126951.86479,2.501,22.66,47.93,546.543,0,
Zone-C,110,1780126951.8647969,1.453,22.696,53.868,599.287,0,
Zone-C,111,1780126951.864803,1.022,34.819,80.305,1541.511,1,hvac_failure
Zone-C,112,1780126951.864811,1.168,21.777,51.979,609.384,0,
Zone-C,113,1780126951.8648179,0.368,21.824,52.647,585.731,0,
Zone-C,114,1780126951.864824,2.124,22.618,54.818,560.174,0,
Zone-C,115,1780126951.864831,1.417,21.792,54.606,603.867,0,
Zone-C,116,1780126951.8648372,1.441,22.579,50.823,596.799,0,
Zone-C,117,1780126951.864844,1.631,21.942,55.5,626.569,0,
Zone-C,118,1780126951.8648498,2.142,22.313,53.984,616.334,0,
Zone-C,119,1780126951.8648572,1.552,22.581,52.111,588.732,0,
Zone-C,120,1780126951.864863,1.947,22.101,51.775,606.976,0,
Zone-C,121,1780126951.8648698,1.747,22.165,52.152,564.388,0,
Zone-C,122,1780126951.864876,1.7,22.482,55.793,641.532,0,
Zone-C,123,1780126951.864883,2.011,21.757,52.82,619.023,0,
Zone-C,124,1780126951.8648891,1.561,22.364,49.569,624.542,0,
Zone-C,125,1780126951.864896,2.074,11.231,13.429,590.599,1,cold_snap
Zone-C,126,1780126951.864904,1.82,21.801,53.054,595.502,0,
Zone-C,127,1780126951.8649101,2.091,21.978,51.266,600.738,0,
Zone-C,128,1780126951.864917,1.139,22.23,51.788,588.423,0,
Zone-C,129,1780126951.864921,1.536,22.671,50.756,590.074,0,
Zone-C,130,1780126951.864927,0.224,22.72,50.33,590.639,0,
Zone-C,131,1780126951.864934,2.358,22.605,51.586,610.103,0,
Zone-C,132,1780126951.86494,1.977,21.928,51.563,592.98,0,
Zone-C,133,1780126951.8649468,1.4,21.878,51.287,633.417,0,
Zone-C,134,1780126951.864953,2.979,21.79,51.107,545.625,0,
Zone-C,135,1780126951.86496,2.943,22.579,52.08,599.811,0,
Zone-C,136,1780126951.864966,1.041,21.949,51.514,575.232,0,
Zone-C,137,1780126951.8649752,1.352,22.57,51.028,649.304,0,
Zone-C,138,1780126951.8649778,1.551,22.071,54.196,575.782,0,
Zone-C,139,1780126951.864985,1.284,21.381,50.426,580.773,0,
Zone-C,140,1780126951.864992,0.778,22.258,51.626,580.773,0,
Zone-C,141,1780126951.8649988,0.408,21.756,54.836,619.526,0,
Zone-C,142,1780126951.865005,1.403,22.059,49.987,573.006,0,
Zone-C,143,1780126951.865011,1.664,22.237,47.83,615.503,0,
Zone-C,144,1780126951.8650181,1.476,21.742,50.831,641.347,0,
Zone-C,145,1780126951.865024,1.739,22.156,50.963,601.262,0,
Zone-C,146,1780126951.865031,1.706,21.707,54.769,578.091,0,
Zone-C,147,1780126951.865037,1.597,22.232,57.205,593.483,0,
Zone-C,148,1780126951.8650439,1.236,21.705,53.304,628.511,0,
Zone-C,149,1780126951.8650482,1.65,22.987,54.113,609.065,0,
Zone-C,150,1780126951.865054,8.957,44.345,49.902,1829.292,1,fire_risk
Zone-C,151,1780126951.865062,2.364,22.135,55.441,575.674,0,
Zone-C,152,1780126951.8650692,1.745,21.599,50.882,591.308,0,
Zone-C,153,1780126951.865078,2.021,22.264,53.726,616.521,0,
Zone-C,154,1780126951.865084,1.119,21.617,54.714,589.107,0,
Zone-C,155,1780126951.865091,0.315,21.828,54.449,576.575,0,
Zone-C,156,1780126951.865097,0.587,22.633,52.22,578.091,0,
Zone-C,157,1780126951.865101,1.85,21.863,51.65,607.656,0,
Zone-C,158,1780126951.865108,2.054,22.669,54.116,633.633,0,
Zone-C,159,1780126951.8651142,1.339,22.118,47.984,617.776,0,
Zone-C,160,1780126951.8651211,2.398,21.955,47.279,594.296,0,
Zone-C,161,1780126951.8651268,3.24,22.271,52.95,573.916,0,
Zone-C,162,1780126951.865134,2.003,22.206,47.027,586.276,0,
Zone-C,163,1780126951.86514,1.458,22.423,50.579,549.823,0,
Zone-C,164,1780126951.8651469,2.085,22.848,50.065,584.039,0,
Zone-C,165,1780126951.865153,1.915,22.247,55.305,615.202,0,
Zone-C,166,1780126951.86516,10.756,22.089,48.003,572.823,1,peak_load
Zone-C,167,1780126951.865164,2.445,35.571,84.906,1355.025,1,hvac_failure
Zone-C,168,1780126951.865173,1.064,21.939,53.241,606.515,0,
Zone-C,169,1780126951.8651788,1.243,22.15,53.351,596.208,0,
Zone-C,170,1780126951.865186,1.504,22.425,52.105,633.011,0,
Zone-C,171,1780126951.865192,1.813,22.274,54.801,582.489,0,
Zone-C,172,1780126951.865199,2.047,22.499,50.592,605.684,0,
Zone-C,173,1780126951.865206,1.985,21.95,49.77,615.614,0,
Zone-C,174,1780126951.865212,1.081,22.229,51.042,587.83,0,
Zone-C,175,1780126951.8652182,10.539,23.014,53.794,607.94,1,peak_load
Zone-C,176,1780126951.865226,2.083,22.137,52.509,571.927,0,
Zone-C,177,1780126951.865232,1.514,21.932,52.321,578.172,0,
Zone-C,178,1780126951.86524,0.494,22.332,54.812,645.305,0,
Zone-C,179,1780126951.865247,1.843,22.449,51.75,591.821,0,
Zone-C,180,1780126951.865254,0.908,21.822,50.22,573.805,0,
Zone-C,181,1780126951.8652601,2.553,22.236,52.841,582.736,0,
Zone-C,182,1780126951.865267,1.464,22.126,51.819,598.89,0,
Zone-C,183,1780126951.86527,0.741,22.376,54.406,606.469,0,
Zone-C,184,1780126951.8652768,2.721,22.301,53.015,595.889,0,
Zone-C,185,1780126951.865283,2.374,21.733,54.177,604.225,0,
Zone-C,186,1780126951.86529,0.954,21.66,55.821,622.752,0,
Zone-C,187,1780126951.865293,1.325,22.393,54.358,589.63,0,
Zone-C,188,1780126951.8653,2.597,22.048,52.739,592.17,0,
Zone-C,189,1780126951.8653069,1.647,21.988,53.466,597.848,0,
Zone-C,190,1780126951.865313,1.737,21.964,51.051,615.771,0,
Zone-C,191,1780126951.865319,2.427,22.689,50.925,572.249,0,
Zone-C,192,1780126951.8653262,2.91,22.588,51.21,602.691,0,
Zone-C,193,1780126951.865334,0.527,22.269,49.213,595.465,0,
Zone-C,194,1780126951.86534,1.444,21.988,55.74,619.541,0,
Zone-C,195,1780126951.8653471,1.379,22.726,50.741,554.651,0,
Zone-C,196,1780126951.8653529,0.163,22.355,52.077,592.293,0,
Zone-C,197,1780126951.8653598,2.881,22.122,50.958,565.337,0,
Zone-C,198,1780126951.865366,2.059,22.722,53.705,604.737,0,
Zone-C,199,1780126951.865372,1.167,22.516,53.352,621.923,0,
